"Beverage_category","Beverage","Milk","Size","Calories","Total_Fat_g","Trans_Fat_g","Saturated_Fat_g","Sodium_mg","Total_Carbohydrates_g","Cholesterol_mg","Dietary_Fibre_g","Sugars_g","Protein_g","Vitamin_A_DV","Vitamin_C_DV","Calcium_DV","Iron_DV","Caffeine_mg","Is_coffe_drink"
"Coffee","Brewed Coffee","None","Short",3,"0.1",0,0,0,5,0,0,0,0.3,"0%","0%","0%","0%","175","Yes"
"Coffee","Brewed Coffee","None","Tall",4,"0.1",0,0,0,10,0,0,0,0.5,"0%","0%","0%","0%","260","Yes"
"Coffee","Brewed Coffee","None","Grande",5,"0.1",0,0,0,10,0,0,0,1,"0%","0%","0%","0%","330","Yes"
"Coffee","Brewed Coffee","None","Venti",5,"0.1",0,0,0,10,0,0,0,1,"0%","0%","2%","0%","410","Yes"
"Classic Espresso Drinks","Caffè Latte","Nonfat_Milk","Short",70,"0.1",0.1,0,5,75,10,0,9,6,"10%","0%","20%","0%","75","Yes"
"Classic Espresso Drinks","Caffè Latte","2%_Milk","Grande",100,"3.5",2,0.1,15,85,10,0,9,6,"10%","0%","20%","0%","75","Yes"
"Classic Espresso Drinks","Caffè Latte","Soymilk","Grande",70,"2.5",0.4,0,0,65,6,1,4,5,"6%","0%","20%","8%","75","Yes"
"Classic Espresso Drinks","Caffè Latte","Nonfat_Milk","Tall",100,"0.2",0.2,0,5,120,15,0,14,10,"15%","0%","30%","0%","75","Yes"
"Classic Espresso Drinks","Caffè Latte","2%_Milk","Grande",150,"6",3,0.2,25,135,15,0,14,10,"15%","0%","30%","0%","75","Yes"
"Classic Espresso Drinks","Caffè Latte","Soymilk","Grande",110,"4.5",0.5,0,0,105,10,1,6,8,"10%","0%","30%","15%","75","Yes"
"Classic Espresso Drinks","Caffè Latte","Nonfat_Milk","Grande",130,"0.3",0.2,0,5,150,19,0,18,13,"20%","0%","40%","0%","150","Yes"
"Classic Espresso Drinks","Caffè Latte","2%_Milk","Grande",190,"7",3.5,0.2,30,170,19,0,17,12,"20%","2%","40%","0%","150","Yes"
"Classic Espresso Drinks","Caffè Latte","Soymilk","Grande",150,"5",0.5,0,0,130,13,1,8,10,"15%","0%","40%","15%","150","Yes"
"Classic Espresso Drinks","Caffè Latte","Nonfat_Milk","Venti",170,"0.4",0.3,0,10,190,25,0,23,16,"30%","0%","50%","0%","150","Yes"
"Classic Espresso Drinks","Caffè Latte","2%_Milk","Grande",240,"9",4.5,0.3,35,220,24,0,22,16,"25%","2%","50%","0%","150","Yes"
"Classic Espresso Drinks","Caffè Latte","Soymilk","Grande",190,"7",1,0,0,170,16,2,11,13,"20%","0%","50%","25%","150","Yes"
"Classic Espresso Drinks","Caffè Mocha (Without Whipped Cream)","Nonfat_Milk","Short",110,"1.5",1,0,5,60,21,1,17,7,"8%","0%","15%","10%","85","Yes"
"Classic Espresso Drinks","Caffè Mocha (Without Whipped Cream)","2%_Milk","Grande",130,"4",2,0.1,10,70,21,1,17,6,"8%","0%","15%","10%","85","Yes"
"Classic Espresso Drinks","Caffè Mocha (Without Whipped Cream)","Soymilk","Grande",110,"3.5",1,0,0,55,19,2,13,6,"6%","0%","15%","20%","85","Yes"
"Classic Espresso Drinks","Caffè Mocha (Without Whipped Cream)","Nonfat_Milk",NA,170,"2",1,0,5,100,32,1,27,10,"15%","0%","25%","20%","95","Yes"
"Classic Espresso Drinks","Caffè Mocha (Without Whipped Cream)","2%_Milk","Grande",200,"6",3.5,0.1,20,115,32,1,26,10,"15%","0%","25%","20%","95","Yes"
"Classic Espresso Drinks","Caffè Mocha (Without Whipped Cream)","Soymilk","Grande",180,"5",1.5,0,0,85,28,2,20,9,"10%","0%","25%","30%","95","Yes"
"Classic Espresso Drinks","Caffè Mocha (Without Whipped Cream)","Nonfat_Milk","Grande",220,"2.5",1.5,0,5,125,43,2,34,13,"20%","0%","35%","25%","175","Yes"
"Classic Espresso Drinks","Caffè Mocha (Without Whipped Cream)","2%_Milk","Grande",260,"8",4.5,0.2,25,140,42,2,34,13,"15%","2%","35%","25%","175","Yes"
"Classic Espresso Drinks","Caffè Mocha (Without Whipped Cream)","Soymilk","Grande",230,"7",2,0,0,105,37,3,26,11,"10%","0%","35%","40%","175","Yes"
"Classic Espresso Drinks","Caffè Mocha (Without Whipped Cream)","Nonfat_Milk","Venti",280,"3",2,0,10,160,54,2,44,17,"25%","0%","45%","30%","180","Yes"
"Classic Espresso Drinks","Caffè Mocha (Without Whipped Cream)","2%_Milk","Grande",340,"11",6,0.2,30,180,53,2,43,17,"20%","2%","45%","30%","180","Yes"
"Classic Espresso Drinks","Caffè Mocha (Without Whipped Cream)","Soymilk","Grande",290,"9",2.5,0,0,140,47,4,33,14,"15%","0%","45%","50%","180","Yes"
"Classic Espresso Drinks","Vanilla Latte (Or Other Flavoured Latte)","Nonfat_Milk","Short",100,"0.1",0.1,0,5,70,19,0,18,6,"10%","0%","20%","0%","75","Yes"
"Classic Espresso Drinks","Vanilla Latte (Or Other Flavoured Latte)","2%_Milk","Grande",130,"3.5",1.5,0.1,15,80,18,0,17,6,"10%","0%","20%","0%","75","Yes"
"Classic Espresso Drinks","Vanilla Latte (Or Other Flavoured Latte)","Soymilk","Grande",110,"2.5",0.3,0,0,60,16,1,13,5,"6%","0%","20%","8%","75","Yes"
"Classic Espresso Drinks","Vanilla Latte (Or Other Flavoured Latte)","Nonfat_Milk","Tall",150,"0.2",0.1,0,5,110,28,0,27,9,"15%","0%","30%","0%","75","Yes"
"Classic Espresso Drinks","Vanilla Latte (Or Other Flavoured Latte)","2%_Milk","Grande",200,"5",2.5,0.2,20,125,28,0,27,9,"15%","0%","30%","0%","75","Yes"
"Classic Espresso Drinks","Vanilla Latte (Or Other Flavoured Latte)","Soymilk","Grande",160,"4",0.5,0,0,95,23,1,20,7,"10%","0%","30%","15%","75","Yes"
"Classic Espresso Drinks","Vanilla Latte (Or Other Flavoured Latte)","Nonfat_Milk","Grande",200,"0.3",0.2,0,5,140,37,0,35,12,"20%","0%","35%","0%","150","Yes"
"Classic Espresso Drinks","Vanilla Latte (Or Other Flavoured Latte)","2%_Milk","Grande",250,"6",3.5,0.2,25,150,37,0,35,12,"20%","2%","35%","0%","150","Yes"
"Classic Espresso Drinks","Vanilla Latte (Or Other Flavoured Latte)","Soymilk","Grande",210,"5",0.5,0,0,120,31,1,26,9,"10%","0%","35%","15%","150","Yes"
"Classic Espresso Drinks","Vanilla Latte (Or Other Flavoured Latte)","Nonfat_Milk","Venti",250,"0.3",0.2,0,10,180,47,0,45,15,"25%","0%","50%","0%","150","Yes"
"Classic Espresso Drinks","Vanilla Latte (Or Other Flavoured Latte)","2%_Milk","Grande",320,"9",4.5,0.3,35,200,46,0,44,15,"25%","2%","45%","0%","150","Yes"
"Classic Espresso Drinks","Vanilla Latte (Or Other Flavoured Latte)","Soymilk","Grande",270,"7",1,0,0,160,39,2,33,12,"15%","0%","45%","20%","150","Yes"
"Classic Espresso Drinks","Caffè Americano","None","Short",5,"0",0,0,0,5,1,0,0,0.4,"0%","0%","0%","0%","75","Yes"
"Classic Espresso Drinks","Caffè Americano","None","Tall",10,"0",0,0,0,10,2,0,0,1,"0%","0%","2%","0%","150","Yes"
"Classic Espresso Drinks","Caffè Americano","None","Grande",15,"0",0,0,0,15,3,0,0,1,"0%","0%","2%","0%","225","Yes"
"Classic Espresso Drinks","Caffè Americano","None","Venti",25,"0",0,0,0,15,4,0,0,1,"0%","0%","2%","0%","300","Yes"
"Classic Espresso Drinks","Cappuccino","Nonfat_Milk","Short",50,"0.1",0.1,0,5,60,8,0,7,5,"8%","0%","15%","0%","75","Yes"
"Classic Espresso Drinks","Cappuccino","2%_Milk","Grande",80,"3",1.5,0.1,10,70,8,0,7,5,"8%","0%","15%","0%","75","Yes"
"Classic Espresso Drinks","Cappuccino","Soymilk","Grande",50,"1.5",0.2,0,0,40,4,0,3,3,"4%","0%","10%","6%","75","Yes"
"Classic Espresso Drinks","Cappuccino","Nonfat_Milk","Tall",60,"0.1",0.1,0,5,70,9,0,8,6,"10%","0%","20%","0%","75","Yes"
"Classic Espresso Drinks","Cappuccino","2%_Milk","Grande",90,"3.5",1.5,0.1,15,80,9,0,8,6,"10%","0%","20%","0%","75","Yes"
"Classic Espresso Drinks","Cappuccino","Soymilk","Grande",70,"3",0.4,0,0,65,7,1,4,5,"6%","0%","20%","8%","75","Yes"
"Classic Espresso Drinks","Cappuccino","Nonfat_Milk","Grande",80,"0.2",0.1,0,5,90,12,0,10,8,"15%","0%","25%","0%","150","Yes"
"Classic Espresso Drinks","Cappuccino","2%_Milk","Grande",120,"4",2,0.1,15,100,12,0,10,8,"10%","0%","25%","0%","150","Yes"
"Classic Espresso Drinks","Cappuccino","Soymilk","Grande",100,"3.5",0.4,0,0,80,9,1,5,7,"8%","0%","25%","10%","150","Yes"
"Classic Espresso Drinks","Cappuccino","Nonfat_Milk","Venti",110,"0.2",0.2,0,5,120,16,0,14,10,"20%","0%","30%","0%","150","Yes"
"Classic Espresso Drinks","Cappuccino","2%_Milk","Grande",150,"6",3,0.2,25,135,16,0,14,10,"15%","0%","30%","0%","150","Yes"
"Classic Espresso Drinks","Cappuccino","Soymilk","Grande",120,"4.5",0.5,0,0,110,11,1,7,9,"10%","0%","35%","15%","150","Yes"
"Classic Espresso Drinks","Skinny Latte (Any Flavour)","Nonfat_Milk","Short",60,"0.1",0.1,0,5,80,9,0,8,6,"10%","0%","20%","0%","75","Yes"
"Classic Espresso Drinks","Skinny Latte (Any Flavour)","Nonfat_Milk","Tall",100,"0.2",0.1,0,5,125,14,0,13,9,"15%","0%","30%","0%","75","Yes"
"Classic Espresso Drinks","Skinny Latte (Any Flavour)","Nonfat_Milk","Grande",120,"0.3",0.2,0,5,160,18,0,16,12,"20%","0%","35%","0%","150","Yes"
"Classic Espresso Drinks","Skinny Latte (Any Flavour)","Nonfat_Milk","Venti",160,"0.3",0.2,0,10,200,24,0,21,15,"25%","0%","50%","0%","150","Yes"
"Signature Espresso Drinks","Caramel Macchiato","Nonfat_Milk","Short",100,"1",0.5,0,5,70,17,0,15,6,"10%","0%","15%","0%","75","Yes"
"Signature Espresso Drinks","Caramel Macchiato","2%_Milk","Grande",120,"4",2,0.1,15,80,16,0,15,5,"10%","0%","15%","0%","75","Yes"
"Signature Espresso Drinks","Caramel Macchiato","Soymilk","Grande",100,"3",1,0,0,60,14,1,11,4,"6%","0%","15%","8%","75","Yes"
"Signature Espresso Drinks","Caramel Macchiato","Nonfat_Milk","Tall",140,"1",0.5,0,5,105,25,0,24,8,"15%","0%","25%","0%","75","Yes"
"Signature Espresso Drinks","Caramel Macchiato","2%_Milk","Grande",180,"5",3,0.1,20,115,25,0,23,8,"15%","0%","25%","0%","75","Yes"
"Signature Espresso Drinks","Caramel Macchiato","Soymilk","Grande",150,"4.5",1,0,0,90,21,1,17,7,"10%","0%","25%","10%","75","Yes"
"Signature Espresso Drinks","Caramel Macchiato","Nonfat_Milk","Grande",190,"1",1,0,10,130,35,0,32,11,"20%","0%","35%","0%","150","Yes"
"Signature Espresso Drinks","Caramel Macchiato","2%_Milk","Grande",240,"7",3.5,0.2,25,150,34,0,32,10,"15%","2%","30%","0%","150","Yes"
"Signature Espresso Drinks","Caramel Macchiato","Soymilk","Grande",200,"5",1,0,5,115,29,1,24,9,"10%","0%","35%","15%","150","Yes"
"Signature Espresso Drinks","Caramel Macchiato","Nonfat_Milk","Venti",240,"1",1,0,10,170,43,0,41,13,"25%","0%","40%","0%","150","Yes"
"Signature Espresso Drinks","Caramel Macchiato","2%_Milk","Grande",300,"8",4.5,0.2,35,180,43,0,40,13,"20%","2%","40%","0%","150","Yes"
"Signature Espresso Drinks","Caramel Macchiato","Soymilk","Grande",250,"7",1.5,0,5,140,36,1,31,11,"15%","0%","40%","20%","150","Yes"
"Signature Espresso Drinks","White Chocolate Mocha (Without Whipped Cream)","Nonfat_Milk","Short",180,"3",2,0,5,120,31,0,29,7,"10%","0%","25%","0%","75","Yes"
"Signature Espresso Drinks","White Chocolate Mocha (Without Whipped Cream)","2%_Milk","Grande",200,"6",3.5,0.1,15,125,31,0,29,7,"8%","2%","25%","0%","75","Yes"
"Signature Espresso Drinks","White Chocolate Mocha (Without Whipped Cream)","Soymilk","Grande",180,"5",2.5,0,0,110,28,1,25,6,"6%","0%","25%","8%","75","Yes"
"Signature Espresso Drinks","White Chocolate Mocha (Without Whipped Cream)","Nonfat_Milk","Tall",270,"4.5",3.5,0,5,190,47,0,45,12,"15%","2%","35%","0%","75","Yes"
"Signature Espresso Drinks","White Chocolate Mocha (Without Whipped Cream)","2%_Milk","Grande",310,"9",6,0.1,20,200,46,0,44,11,"15%","2%","35%","0%","75","Yes"
"Signature Espresso Drinks","White Chocolate Mocha (Without Whipped Cream)","Soymilk","Grande",280,"8",3.5,0,0,170,42,1,39,10,"10%","2%","35%","10%","75","Yes"
"Signature Espresso Drinks","White Chocolate Mocha (Without Whipped Cream)","Nonfat_Milk","Grande",350,"6",4.5,0,10,240,61,0,58,15,"20%","2%","45%","2%","150","Yes"
"Signature Espresso Drinks","White Chocolate Mocha (Without Whipped Cream)","2%_Milk","Grande",400,"11",7,0.2,25,250,61,0,58,15,"15%","2%","45%","0%","150","Yes"
"Signature Espresso Drinks","White Chocolate Mocha (Without Whipped Cream)","-","Grande",370,"10",5,0,0,220,56,1,51,13,"10%","2%","45%","15%","150","Yes"
"Signature Espresso Drinks","White Chocolate Mocha (Without Whipped Cream)","Nonfat_Milk","Venti",450,"7",6,0,10,310,78,0,74,19,"25%","2%","60%","2%","150","Yes"
"Signature Espresso Drinks","White Chocolate Mocha (Without Whipped Cream)","2%_Milk","Grande",510,"15",9,0.2,35,330,77,0,74,19,"20%","4%","60%","2%","150","Yes"
"Signature Espresso Drinks","White Chocolate Mocha (Without Whipped Cream)","Soymilk","Grande",460,"13",6,0,5,290,70,1,64,16,"15%","2%","60%","20%","150","Yes"
"Signature Espresso Drinks","Hot Chocolate (Without Whipped Cream)","Nonfat_Milk","Short",130,"1.5",1,0,5,70,26,1,23,7,"10%","0%","20%","10%","10","No"
"Signature Espresso Drinks","Hot Chocolate (Without Whipped Cream)","2%_Milk","Grande",150,"4.5",2.5,0.1,15,80,26,1,22,7,"10%","0%","20%","10%","10","No"
"Signature Espresso Drinks","Hot Chocolate (Without Whipped Cream)","Soymilk","Grande",130,"3.5",1,0,0,60,23,2,18,6,"6%","0%","20%","20%","10","No"
"Signature Espresso Drinks","Hot Chocolate (Without Whipped Cream)","Nonfat_Milk","Tall",190,"2",1,0,5,110,37,1,32,11,"15%","0%","30%","20%","20","No"
"Signature Espresso Drinks","Hot Chocolate (Without Whipped Cream)","2%_Milk","Grande",230,"7",3.5,0.2,20,120,37,1,32,10,"15%","0%","30%","20%","20","No"
"Signature Espresso Drinks","Hot Chocolate (Without Whipped Cream)","Soymilk","Grande",200,"6",1.5,0,0,95,32,2,25,9,"10%","0%","30%","30%","20","No"
"Signature Espresso Drinks","Hot Chocolate (Without Whipped Cream)","Nonfat_Milk","Grande",240,"2.5",1.5,0,5,140,48,2,41,14,"20%","0%","40%","25%","25","No"
"Signature Espresso Drinks","Hot Chocolate (Without Whipped Cream)","2%_Milk","Grande",290,"9",5,0.2,25,160,47,2,41,14,"20%","2%","40%","25%","25","No"
"Signature Espresso Drinks","Hot Chocolate (Without Whipped Cream)","Soymilk","Grande",250,"7",2,0,0,125,41,3,32,12,"15%","0%","40%","40%","25","No"
"Signature Espresso Drinks","Hot Chocolate (Without Whipped Cream)","Nonfat_Milk","Venti",320,"3",2,0,10,180,63,2,55,18,"25%","0%","50%","30%","30","No"
"Signature Espresso Drinks","Hot Chocolate (Without Whipped Cream)","2%_Milk","Grande",380,"11",6,0.3,35,200,63,2,54,17,"25%","2%","50%","30%","30","No"
"Signature Espresso Drinks","Hot Chocolate (Without Whipped Cream)","Soymilk","Grande",330,"9",2.5,0,0,160,55,4,44,15,"15%","0%","50%","50%","30","No"
"Signature Espresso Drinks","Caramel Apple Spice (Without Whipped Cream)","None","Short",140,"0",0,0,0,10,35,0,33,0,"0%","0%","0%","0%","0","No"
"Signature Espresso Drinks","Caramel Apple Spice (Without Whipped Cream)","None","Tall",210,"0",0,0,0,15,53,0,49,0,"0%","0%","0%","0%","0","No"
"Signature Espresso Drinks","Caramel Apple Spice (Without Whipped Cream)","None","Grande",280,"0",0,0,0,20,70,0,65,0,"0%","0%","0%","0%","0","No"
"Signature Espresso Drinks","Caramel Apple Spice (Without Whipped Cream)","None",NA,360,"0",0,0,0,25,89,0,83,0,"0%","0%","0%","0%","0","No"
"Tazo® Tea Drinks","Tazo® Tea","None","Short",0,"0",0,0,0,0,0,0,0,0,"0%","0%","0%","0%","25","No"
"Tazo® Tea Drinks","Tazo® Tea","None","Tall",0,"0",0,0,0,0,0,0,0,0,"0%","0%","0%","0%","55","No"
"Tazo® Tea Drinks","Tazo® Tea","None","Grande",0,"0",0,0,0,0,0,0,0,0,"0%","0%","0%","0%","55","No"
"Tazo® Tea Drinks","Tazo® Tea","None","Venti",0,"0",0,0,0,0,0,0,0,0,"0%","0%","0%","0%","110","No"
"Tazo® Tea Drinks","Tazo® Chai Tea Latte","Nonfat_Milk","Short",100,"0.1",0.1,0,0,50,22,0,21,4,"6%","0%","10%","0%","50","No"
"Tazo® Tea Drinks","Tazo® Chai Tea Latte","2%_Milk","Grande",120,"2",1,0.1,10,55,22,0,21,4,"6%","0%","10%","0%","50","No"
"Tazo® Tea Drinks","Tazo® Chai Tea Latte","Soymilk","Grande",110,"1.5",0.2,0,0,45,20,0,18,3,"4%","0%","10%","6%","50","No"
"Tazo® Tea Drinks","Tazo® Chai Tea Latte","Nonfat_Milk","Tall",160,"0.2",0.1,0,5,80,34,0,32,6,"10%","0%","20%","2%","70","No"
"Tazo® Tea Drinks","Tazo® Chai Tea Latte","2%_Milk","Grande",190,"3.5",1.5,0.1,15,90,34,0,32,6,"10%","0%","20%","2%","70","No"
"Tazo® Tea Drinks","Tazo® Chai Tea Latte","Soymilk","Grande",160,"2.5",0.3,0,0,70,31,1,28,5,"6%","0%","20%","10%","70","No"
"Tazo® Tea Drinks","Tazo® Chai Tea Latte","Nonfat_Milk","Grande",210,"0.2",0.1,0,5,105,45,0,43,8,"15%","0%","25%","2%","95","No"
"Tazo® Tea Drinks","Tazo® Chai Tea Latte","2%_Milk","Grande",240,"4.5",2,0.1,20,115,45,0,42,8,"10%","0%","25%","2%","95","No"
"Tazo® Tea Drinks","Tazo® Chai Tea Latte","Soymilk","Grande",220,"3.5",0.4,0,0,90,41,1,37,6,"8%","0%","25%","10%","95","No"
"Tazo® Tea Drinks","Tazo® Chai Tea Latte","Nonfat_Milk","Venti",260,"0.3",0.2,0,5,135,57,0,54,10,"15%","0%","35%","2%","120","No"
"Tazo® Tea Drinks","Tazo® Chai Tea Latte","2%_Milk","Grande",310,"6",3,0.2,25,150,56,0,53,10,"15%","2%","30%","2%","120","No"
"Tazo® Tea Drinks","Tazo® Chai Tea Latte","Soymilk","Grande",280,"4.5",0.5,0,0,115,51,1,46,8,"10%","0%","30%","15%","120","No"
"Tazo® Tea Drinks","Tazo® Green Tea Latte","Nonfat_Milk","Short",130,"0.2",0.1,0,5,85,26,0,25,7,"10%","4%","20%","2%","25","No"
"Tazo® Tea Drinks","Tazo® Green Tea Latte","2%_Milk","Grande",170,"4",2,0.1,15,95,26,0,25,7,"10%","6%","20%","2%","25","No"
"Tazo® Tea Drinks","Tazo® Green Tea Latte","Soymilk","Grande",140,"3",0.4,0,0,70,22,1,20,6,"8%","4%","20%","10%","25","No"
"Tazo® Tea Drinks","Tazo® Green Tea Latte","Nonfat_Milk","Tall",210,"0.4",0.2,0,5,125,42,1,41,11,"20%","10%","35%","4%","55","No"
"Tazo® Tea Drinks","Tazo® Green Tea Latte","2%_Milk","Grande",260,"6",3,0.2,25,140,41,1,40,10,"15%","10%","35%","4%","55","No"
"Tazo® Tea Drinks","Tazo® Green Tea Latte","Soymilk","Grande",230,"4.5",0.5,0,0,110,36,2,33,9,"10%","10%","35%","15%","55","No"
"Tazo® Tea Drinks","Tazo® Green Tea Latte","Nonfat_Milk","Grande",290,"0.5",0.2,0,10,160,57,1,56,14,"25%","15%","45%","4%","80","No"
"Tazo® Tea Drinks","Tazo® Green Tea Latte","2%_Milk","Grande",350,"8",4,0.2,30,180,57,1,55,14,"20%","15%","45%","4%","80","No"
"Tazo® Tea Drinks","Tazo® Green Tea Latte","Soymilk","Grande",310,"6",1,0,0,140,50,3,46,11,"15%","15%","45%","25%","80","No"
"Tazo® Tea Drinks","Tazo® Green Tea Latte","Nonfat_Milk","Venti",370,"0.5",0.3,0,10,200,73,2,71,18,"30%","20%","60%","6%","110","No"
"Tazo® Tea Drinks","Tazo® Green Tea Latte","2%_Milk","Grande",450,"10",5,0.3,40,230,72,2,71,17,"25%","20%","50%","6%","110","No"
"Tazo® Tea Drinks","Tazo® Green Tea Latte","Soymilk","Grande",390,"8",1,0,0,180,64,4,58,14,"20%","20%","60%","30%","110","No"
"Tazo® Tea Drinks","Tazo® Full-Leaf Tea Latte","Nonfat_Milk","Short",80,"0.1",0.1,0,0,45,16,0,16,4,"6%","0%","10%","0.00%","25","No"
"Tazo® Tea Drinks","Tazo® Full-Leaf Tea Latte","2%_Milk","Grande",90,"2",1,0.1,10,50,15,0,15,3,"6%","0%","10%","0.00%","55","No"
"Tazo® Tea Drinks","Tazo® Full-Leaf Tea Latte","Soymilk","Grande",80,"1.5",0.2,0,0,40,14,0,13,3,"4%","0%","10%","6.00%","55","No"
"Tazo® Tea Drinks","Tazo® Full-Leaf Tea Latte","Nonfat_Milk","Tall",120,"0.1",0.1,0,5,65,23,0,23,5,"10%","0%","20%","0.00%","55","No"
"Tazo® Tea Drinks","Tazo® Full-Leaf Tea Latte","2%_Milk","Grande",140,"3",1.5,0.1,15,75,23,0,23,5,"8%","0%","15%","0.00%","55","No"
"Tazo® Tea Drinks","Tazo® Full-Leaf Tea Latte","Soymilk","Grande",130,"2.5",0.3,0,0,60,21,1,19,4,"6%","0%","20%","8.00%","55","No"
"Tazo® Tea Drinks","Tazo® Full-Leaf Tea Latte","Nonfat_Milk","Grande",150,"0.2",0.1,0,5,85,31,0,31,7,"15%","0%","25%","0.00%","55","No"
"Tazo® Tea Drinks","Tazo® Full-Leaf Tea Latte","2%_Milk","Grande",190,"4",2,0.1,15,95,31,0,30,7,"10%","0%","25%","0.00%","55","No"
"Tazo® Tea Drinks","Tazo® Full-Leaf Tea Latte","Soymilk","Grande",170,"3.5",0.4,0,0,80,27,1,25,6,"8%","0%","25%","10.00%","55","No"
"Tazo® Tea Drinks","Tazo® Full-Leaf Tea Latte","Nonfat_Milk","Venti",190,"0.2",0.1,0,5,110,39,0,39,9,"15%","0%","30%","0.00%","110","No"
"Tazo® Tea Drinks","Tazo® Full-Leaf Tea Latte","2%_Milk","Grande",230,"5",2.5,0.2,20,125,38,0,38,9,"15%","0%","30%","0.00%","55","No"
"Tazo® Tea Drinks","Tazo® Full-Leaf Tea Latte","Soymilk","Grande",210,"4",0.5,0,0,100,34,1,32,7,"10%","0%","30%","15.00%","55","No"
"Tazo® Tea Drinks","Tazo® Full-Leaf Red Tea Latte (Vanilla Rooibos)","Nonfat_Milk","Short",80,"0.1",0.1,0,0,45,16,0,16,4,"6%","0%","10%","0%","0","No"
"Tazo® Tea Drinks","Tazo® Full-Leaf Red Tea Latte (Vanilla Rooibos)","2%_Milk","Grande",90,"2",1,0.1,10,50,15,0,15,3,"6%","0%","10%","0%","0","No"
"Tazo® Tea Drinks","Tazo® Full-Leaf Red Tea Latte (Vanilla Rooibos)","Soymilk","Grande",80,"1.5",0.2,0,0,40,14,0,13,3,"4%","0%","10%","6%","0","No"
"Tazo® Tea Drinks","Tazo® Full-Leaf Red Tea Latte (Vanilla Rooibos)","Nonfat_Milk","Tall",120,"0.1",0.1,0,5,65,23,0,23,5,"10%","0%","20%","0%","0","No"
"Tazo® Tea Drinks","Tazo® Full-Leaf Red Tea Latte (Vanilla Rooibos)","2%_Milk","Grande",140,"3",1.5,0.1,15,75,23,0,23,5,"8%","0%","15%","0%","0","No"
"Tazo® Tea Drinks","Tazo® Full-Leaf Red Tea Latte (Vanilla Rooibos)","Soymilk","Grande",130,"2.5",0.3,0,0,60,21,1,19,4,"6%","0%","20%","8%","0","No"
"Tazo® Tea Drinks","Tazo® Full-Leaf Red Tea Latte (Vanilla Rooibos)","Nonfat_Milk","Grande",150,"0.2",0.1,0,5,85,31,0,31,7,"15%","0%","25%","0%","0","No"
"Tazo® Tea Drinks","Tazo® Full-Leaf Red Tea Latte (Vanilla Rooibos)","2%_Milk","Grande",190,"4",2,0.1,15,95,31,0,30,7,"10%","0%","25%","0%","0","No"
"Tazo® Tea Drinks","Tazo® Full-Leaf Red Tea Latte (Vanilla Rooibos)","Soymilk","Grande",170,"3.5",0.4,0,0,80,27,1,25,6,"8%","0%","25%","10%","0","No"
"Tazo® Tea Drinks","Tazo® Full-Leaf Red Tea Latte (Vanilla Rooibos)","Nonfat_Milk","Venti",190,"0.2",0.1,0,5,110,39,0,39,9,"15%","0%","30%","0%","0","No"
"Tazo® Tea Drinks","Tazo® Full-Leaf Red Tea Latte (Vanilla Rooibos)","2%_Milk","Grande",230,"5",2.5,0.2,20,125,38,0,38,9,"15%","0%","30%","0%","0","No"
"Tazo® Tea Drinks","Tazo® Full-Leaf Red Tea Latte (Vanilla Rooibos)","Soymilk","Grande",210,"4",0.5,0,0,100,34,1,32,7,"10%","0%","30%","15%","0","No"
"Shaken Iced Beverages","Iced Brewed Coffee (With Classic Syrup)","None","Tall",60,"0",0,0,0,4,15,0,15,0.2,"0%","0%","0%","0%","120","Yes"
"Shaken Iced Beverages","Iced Brewed Coffee (With Classic Syrup)","None","Grande",90,"0.1",0,0,0,5,21,0,21,0.3,"0%","0%","0%","0%","165","Yes"
"Shaken Iced Beverages","Iced Brewed Coffee (With Classic Syrup)","None","Venti",130,"0.1",0,0,0,5,31,0,31,0.4,"0%","0%","0%","0%","235","Yes"
"Shaken Iced Beverages","Iced Brewed Coffee (With Milk & Classic Syrup)","Nonfat_Milk","Tall",80,"0.1",0,0,0,25,18,0,18,2,"2%","0%","6%","0%","90","Yes"
"Shaken Iced Beverages","Iced Brewed Coffee (With Milk & Classic Syrup)","2%_Milk","Grande",90,"1",0.5,0,5,25,18,0,18,2,"2%","0%","6%","0.00%","","Yes"
"Shaken Iced Beverages","Iced Brewed Coffee (With Milk & Classic Syrup)","Soymilk","Grande",80,"1",0.1,0,0,20,17,0,17,2,"2%","0%","6%","0%","90","Yes"
"Shaken Iced Beverages","Iced Brewed Coffee (With Milk & Classic Syrup)","Nonfat_Milk","Grande",110,"0.1",0,0,0,30,24,0,24,2,"4%","0%","8%","2%","90","Yes"
"Shaken Iced Beverages","Iced Brewed Coffee (With Milk & Classic Syrup)","2%_Milk","Grande",120,"1.5",0.5,0,5,35,24,0,24,2,"4%","0%","8%","0%","125","Yes"
"Shaken Iced Beverages","Iced Brewed Coffee (With Milk & Classic Syrup)","Soymilk","Grande",110,"1",0.1,0,0,30,23,0,22,2,"2%","0%","8%","0%","125","Yes"
"Shaken Iced Beverages","Iced Brewed Coffee (With Milk & Classic Syrup)","Nonfat_Milk","Venti",160,"0.1",0.1,0,0,50,36,0,36,4,"6%","0%","10%","4%","125","Yes"
"Shaken Iced Beverages","Iced Brewed Coffee (With Milk & Classic Syrup)","2%_Milk","Grande",180,"2",1,0.1,10,55,36,0,36,4,"6%","0%","10%","0%","170","Yes"
"Shaken Iced Beverages","Iced Brewed Coffee (With Milk & Classic Syrup)","Soymilk","Grande",170,"1.5",0.2,0,0,45,34,0,33,3,"4%","0%","10%","0%","170","Yes"
"Shaken Iced Beverages","Shaken Iced Tazo® Tea (With Classic Syrup)","None","Tall",60,"0",0,0,0,0,15,0,15,0,"0%","0%","0%","6%","170","No"
"Shaken Iced Beverages","Shaken Iced Tazo® Tea (With Classic Syrup)","None","Grande",80,"0",0,0,0,0,21,0,21,0,"0%","0%","0%","0%","125","No"
"Shaken Iced Beverages","Shaken Iced Tazo® Tea (With Classic Syrup)","None","Venti",120,"0",0,0,0,0,31,0,31,0,"0%","0%","0%","0%","180","No"
"Shaken Iced Beverages","Shaken Iced Tazo® Tea Lemonade (With Classic Syrup)","None","Tall",100,"0",0,0,0,0,25,0,24,0.1,"0%","10%","0%","0%","120","No"
"Shaken Iced Beverages","Shaken Iced Tazo® Tea Lemonade (With Classic Syrup)","None","Grande",130,"0",0,0,0,0,33,0,33,0.1,"0%","15%","0%","0%","125","No"
"Shaken Iced Beverages","Shaken Iced Tazo® Tea Lemonade (With Classic Syrup)","None","Venti",190,"0",0,0,0,0,49,0,49,0.1,"0%","20%","0%","0%","180","No"
"Smoothies","Banana Chocolate Smoothie","Nonfat_Milk","Grande",280,"2.5",1.5,0,5,150,53,7,34,20,"10%","15%","20%","0%","-","No"
"Smoothies","Banana Chocolate Smoothie","2%_Milk","Grande",300,"5",2.5,0.1,15,160,53,7,34,20,"8%","15%","20%","20%","15","No"
"Smoothies","Banana Chocolate Smoothie","Soymilk","Grande",290,"4.5",1.5,0,5,150,51,7,31,19,"6%","15%","20%","20%","15","No"
"Smoothies","Orange Mango Banana Smoothie","Nonfat_Milk","Grande",260,"1",0.3,0,5,120,54,6,37,16,"50%","80%","10%","30%","15","No"
"Smoothies","Orange Mango Banana Smoothie","2%_Milk","Grande",270,"1.5",0.5,0,5,125,53,6,37,16,"50%","80%","10%","6%","0","No"
"Smoothies","Orange Mango Banana Smoothie","Soymilk","Grande",270,"1.5",0.4,0,5,120,53,6,36,15,"50%","80%","10%","6%","0","No"
"Smoothies","Strawberry Banana Smoothie","Nonfat_Milk","Grande",290,"1",0.3,0,5,125,58,7,41,16,"4%","100%","10%","8%","0","No"
"Smoothies","Strawberry Banana Smoothie","2%_Milk","Grande",290,"2",1,0,5,125,58,7,41,16,"4%","100%","10%","8%","0","No"
"Smoothies","Strawberry Banana Smoothie","Soymilk","Grande",290,"2",0.4,0,5,120,58,8,40,16,"2%","100%","10%","8%","0","No"
"Frappuccino® Blended Coffee","Coffee","Nonfat_Milk","Tall",160,"0.1",0,0,0,160,36,0,36,3,"4%","0%","10%","10%","0","Yes"
"Frappuccino® Blended Coffee","Coffee","Whole_Milk","Grande",180,"2.5",1.5,0.1,10,160,36,0,36,3,"4%","0%","8%","0%","70","Yes"
"Frappuccino® Blended Coffee","Coffee","Soymilk","Grande",160,"1.5",0.2,0,0,150,35,0,34,2,"4%","0%","10%","0%","70","Yes"
"Frappuccino® Blended Coffee","Coffee","Nonfat_Milk","Grande",220,"0.1",0.1,0,0,210,51,0,50,4,"6%","0%","10%","4%","70","Yes"
"Frappuccino® Blended Coffee","Coffee","Whole_Milk","Grande",240,"3",2,0.1,10,220,50,0,50,3,"4%","0%","10%","0%","95","Yes"
"Frappuccino® Blended Coffee","Coffee","Soymilk","Grande",220,"1.5",0.2,0,0,210,49,0,47,3,"4%","0%","10%","0%","95","Yes"
"Frappuccino® Blended Coffee","Coffee","Nonfat_Milk","Venti",310,"0.1",0.1,0,5,300,70,0,69,6,"10%","0%","20%","6%","95","Yes"
"Frappuccino® Blended Coffee","Coffee","Whole_Milk","Grande",350,"5",3,0.2,15,300,70,0,69,5,"8%","0%","15%","2%","130","Yes"
"Frappuccino® Blended Coffee","Coffee","Soymilk","Grande",310,"2.5",0.3,0,0,300,68,1,66,5,"6%","0%","20%","2%","130","Yes"
"Frappuccino® Blended Coffee","Mocha (Without Whipped Cream)","Nonfat_Milk","Tall",180,"0.5",0.4,0,0,150,42,1,40,3,"4%","0%","10%","8%","130","Yes"
"Frappuccino® Blended Coffee","Mocha (Without Whipped Cream)","Whole_Milk","Grande",200,"3",2,0.1,10,160,42,1,40,3,"4%","0%","8%","6%","70","Yes"
"Frappuccino® Blended Coffee","Mocha (Without Whipped Cream)","Soymilk","Grande",180,"2",0.5,0,0,150,40,1,38,3,"4%","0%","10%","10%","70","Yes"
"Frappuccino® Blended Coffee","Mocha (Without Whipped Cream)","Nonfat_Milk","Grande",260,"1",0.5,0,0,220,61,1,58,4,"6%","0%","10%","8%","110","Yes"
"Frappuccino® Blended Coffee","Mocha (Without Whipped Cream)","Whole_Milk","Grande",290,"4",2.5,0.1,10,220,61,1,58,4,"4%","0%","10%","8%","110","Yes"
"Frappuccino® Blended Coffee","Mocha (Without Whipped Cream)","Soymilk","Grande",260,"2.5",0.5,0,0,220,59,1,55,4,"4%","0%","10%","15%","110","Yes"
"Frappuccino® Blended Coffee","Mocha (Without Whipped Cream)","Nonfat_Milk","Venti",340,"1",0.5,0,5,300,80,1,76,7,"10%","0%","15%","10%","140","Yes"
"Frappuccino® Blended Coffee","Mocha (Without Whipped Cream)","Whole_Milk","Grande",390,"6",3.5,0.1,15,300,80,1,76,6,"8%","0%","15%","10%","140","Yes"
"Frappuccino® Blended Coffee","Mocha (Without Whipped Cream)","Soymilk","Grande",350,"3",1,0,0,290,78,2,73,6,"6%","0%","20%","20%","140","Yes"
"Frappuccino® Blended Coffee","Caramel (Without Whipped Cream)","Nonfat_Milk","Tall",180,"0.1",0,0,0,160,42,0,41,3,"4%","0%","10%","0%","70","Yes"
"Frappuccino® Blended Coffee","Caramel (Without Whipped Cream)","Whole_Milk","Grande",200,"2.5",1.5,0.1,10,160,42,0,41,3,"4%","0%","8%","0%","70","Yes"
"Frappuccino® Blended Coffee","Caramel (Without Whipped Cream)","Soymilk","Grande",180,"1.5",0.2,0,0,150,40,0,39,2,"4%","0%","10%","4%","70","Yes"
"Frappuccino® Blended Coffee","Caramel (Without Whipped Cream)","Nonfat_Milk","Grande",280,"0.1",0.1,0,0,220,60,0,59,4,"6%","0%","10%","0%","100","Yes"
"Frappuccino® Blended Coffee","Caramel (Without Whipped Cream)","Whole_Milk","Grande",280,"3.5",2,0.1,10,220,60,0,59,3,"4%","0%","10%","0%","100","Yes"
"Frappuccino® Blended Coffee","Caramel (Without Whipped Cream)","Soymilk","Grande",260,"1.5",0.2,0,0,220,58,0,56,3,"4%","0%","10%","6%","100","Yes"
"Frappuccino® Blended Coffee","Caramel (Without Whipped Cream)","Nonfat_Milk","Venti",330,"0.1",0.1,0,5,290,78,0,77,5,"10%","0%","15%","2%","130","Yes"
"Frappuccino® Blended Coffee","Caramel (Without Whipped Cream)","Whole_Milk","Grande",370,"5",3,0.1,15,300,78,0,77,5,"8%","0%","15%","2%","130","Yes"
"Frappuccino® Blended Coffee","Caramel (Without Whipped Cream)","Soymilk","Grande",340,"2.5",0.3,0,0,290,75,1,73,5,"6%","0%","20%","8%","130","Yes"
"Frappuccino® Blended Coffee","Java Chip (Without Whipped Cream)","Nonfat_Milk","Tall",220,"3",2,0,0,170,47,1,44,4,"4%","0%","10%","20%","75","Yes"
"Frappuccino® Blended Coffee","Java Chip (Without Whipped Cream)","Whole_Milk","Grande",240,"5",3.5,0.1,10,170,47,1,44,4,"4%","0%","8%","20%","75","Yes"
"Frappuccino® Blended Coffee","Java Chip (Without Whipped Cream)","Soymilk","Grande",220,"4",2.5,0,0,170,45,1,42,3,"4%","0%","10%","20%","75","Yes"
"Frappuccino® Blended Coffee","Java Chip (Without Whipped Cream)","Nonfat_Milk","Grande",310,"4",3,0,0,250,67,2,62,5,"6%","0%","10%","25%","110","Yes"
"Frappuccino® Blended Coffee","Java Chip (Without Whipped Cream)","Whole_Milk","Grande",340,"7",5,0.1,10,250,67,2,62,5,"4%","0%","10%","25%","110","Yes"
"Frappuccino® Blended Coffee","Java Chip (Without Whipped Cream)","Soymilk","Grande",310,"6",3.5,0,0,240,65,2,60,4,"4%","0%","10%","30%","110","Yes"
"Frappuccino® Blended Coffee","Java Chip (Without Whipped Cream)","Nonfat_Milk","Venti",420,"5",4,0,5,340,90,2,84,7,"10%","0%","20%","35%","145","Yes"
"Frappuccino® Blended Coffee","Java Chip (Without Whipped Cream)","Whole_Milk","Grande",460,"10",7,0.2,15,340,90,2,84,7,"6%","0%","15%","35%","145","Yes"
"Frappuccino® Blended Coffee","Java Chip (Without Whipped Cream)","Soymilk","Grande",430,"8",4.5,0,0,330,88,3,80,6,"6%","0%","20%","40%","145","Yes"
"Frappuccino® Light Blended Coffee","Coffee","Nonfat_Milk","Tall",90,"0.1",0,0,0,160,20,0,19,3,"4%","0%","10%","0%","70","Yes"
"Frappuccino® Light Blended Coffee","Coffee","Nonfat_Milk","Grande",120,"0.1",0.1,0,0,210,26,0,26,3,"6%","0%","10%","0%","95","Yes"
"Frappuccino® Light Blended Coffee","Coffee","Nonfat_Milk","Venti",160,"0.1",0.1,0,5,270,34,0,33,5,"8%","0%","15%","2%","120","Yes"
"Frappuccino® Light Blended Coffee","Mocha","Nonfat_Milk","Tall",110,"0.5",0.4,0,0,150,24,1,23,3,"4%","0%","8%","6%","70","Yes"
"Frappuccino® Light Blended Coffee","Mocha","Nonfat_Milk","Grande",150,"1",0.5,0,0,200,33,1,30,4,"6%","0%","10%","8%","95","Yes"
"Frappuccino® Light Blended Coffee","Mocha","Nonfat_Milk","Venti",210,"1",0.5,0,5,280,46,1,42,6,"8%","0%","15%","10%","130","Yes"
"Frappuccino® Light Blended Coffee","Caramel","Nonfat_Milk","Tall",100,"0.1",0,0,0,140,23,0,23,3,"4%","0%","8%","0%","65","No"
"Frappuccino® Light Blended Coffee","Caramel","Nonfat_Milk","Grande",150,"0.1",0.1,0,0,200,33,0,32,3,"6%","0%","10%","0%","90","No"
"Frappuccino® Light Blended Coffee","Caramel","Nonfat_Milk","Venti",200,"0.1",0.1,0,5,270,44,0,43,5,"8%","0%","15%","2%","120","No"
"Frappuccino® Light Blended Coffee","Java Chip","Nonfat_Milk","Tall",150,"3",2,0,0,170,30,1,27,4,"4%","0%","10%","20%","70","No"
"Frappuccino® Light Blended Coffee","Java Chip","Nonfat_Milk","Grande",220,"4",3,0,0,240,43,2,39,5,"6%","0%","10%","25%","105","No"
"Frappuccino® Light Blended Coffee","Java Chip","Nonfat_Milk","Venti",290,"5",4,0,5,320,58,2,52,7,"8%","0%","15%","35%","165","No"
"Frappuccino® Blended Crème","Strawberries & Crème (Without Whipped Cream)","Nonfat_Milk","Tall",170,"0.1",0.1,0,0,140,39,0,38,3,"6%","6%","10%","2%","0","No"
"Frappuccino® Blended Crème","Strawberries & Crème (Without Whipped Cream)","Whole_Milk","Grande",190,"3",1.5,0.1,10,140,38,0,37,3,"4%","6%","10%","2%","0","No"
"Frappuccino® Blended Crème","Strawberries & Crème (Without Whipped Cream)","Soymilk","Grande",170,"1.5",0.2,0,0,135,37,1,35,3,"4%","6%","10%","6%","0","No"
"Frappuccino® Blended Crème","Strawberries & Crème (Without Whipped Cream)","Nonfat_Milk","Grande",230,"0.2",0.1,0,0,190,53,0,52,4,"8%","6%","15%","4%","0","No"
"Frappuccino® Blended Crème","Strawberries & Crème (Without Whipped Cream)","Whole_Milk","Grande",260,"4",2,0.1,10,190,53,0,52,4,"6%","6%","15%","4%","0","No"
"Frappuccino® Blended Crème","Strawberries & Crème (Without Whipped Cream)","Soymilk","Grande",240,"2",0.2,0,0,180,51,1,49,3,"4%","6%","15%","8%","0","No"
"Frappuccino® Blended Crème","Strawberries & Crème (Without Whipped Cream)","Nonfat_Milk","Venti",310,"0.2",0.1,0,5,260,70,0,69,6,"10%","8%","20%","4%","0","No"
"Frappuccino® Blended Crème","Strawberries & Crème (Without Whipped Cream)","Whole_Milk","Grande",350,"6",3,0.2,15,260,70,0,68,6,"8%","8%","20%","4%","0","No"
"Frappuccino® Blended Crème","Strawberries & Crème (Without Whipped Cream)","Soymilk","Grande",320,"3 2",0.4,0,0,250,67,1,64,5,"6%","8%","20%","10%","0","No"
"Frappuccino® Blended Crème","Vanilla Bean (Without Whipped Cream)","Nonfat_Milk","Tall",170,"0.1",0.1,0,0,160,39,0,38,4,"6%","0%","10%","0%","0","No"
"Frappuccino® Blended Crème","Vanilla Bean (Without Whipped Cream)","Whole_Milk","Grande",200,"3.5",2,0.1,10,160,39,0,38,3,"6%","0%","10%","0%","0","No"
"Frappuccino® Blended Crème","Vanilla Bean (Without Whipped Cream)","Soymilk","Grande",180,"1.5",0.2,0,0,160,37,1,35,3,"4%","0%","10%","6%","0","No"
"Frappuccino® Blended Crème","Vanilla Bean (Without Whipped Cream)","Nonfat_Milk","Grande",240,"0.1",0.1,0,5,230,56,0,55,5,"8%","0%","15%","0%","0","No"
